engagement_score,experience_score,cluster_id
72384577.36920018,73506288.6726837,0
5062688.733918854,5571932.1191786295,1
